-- Заполнение таблицы users
INSERT INTO
    users (
        username,
        password,
        email,
        role_id

    )
VALUES (
        'user1',
        'pass1',
        'user1@example.com',
1

    ),
    (
        'user2',
        'pass2',
        'user2@example.com',
        2,
        'FirstName2',
        'LastName2',
        null,
        null,
        null
    ),
    (
        'user3',
        'pass3',
        'user3@example.com',
        1,
        'FirstName3',
        'LastName3',
        null,
        null,
        null
    ),
    (
        'user4',
        'pass4',
        'user4@example.com',
        2,
        'FirstName4',
        'LastName4',
        null,
        null,
        null
    ),
    (
        'user5',
        'pass5',
        'user5@example.com',
        1,
        'FirstName5',
        'LastName5',
        null,
        null,
        null
    ),
    (
        'user6',
        'pass6',
        'user6@example.com',
        2,
        'FirstName6',
        'LastName6',
        null,
        null,
        null
    ),
    (
        'user7',
        'pass7',
        'user7@example.com',
        1,
        'FirstName7',
        'LastName7',
        null,
        null,
        null
    ),
    (
        'user8',
        'pass8',
        'user8@example.com',
        2,
        'FirstName8',
        'LastName8',
        null,
        null,
        null
    ),
    (
        'user9',
        'pass9',
        'user9@example.com',
        1,
        'FirstName9',
        'LastName9',
        null,
        null,
        null
    ),
    (
        'user10',
        'pass10',
        'user10@example.com',
        2,
        'FirstName10',
        'LastName10',
        null,
        null,
        null
    );

SELECT sequence_name FROM information_schema.sequences WHERE sequence_name = 'rooms_sequence';


-- Заполнение таблицы rooms
INSERT INTO
    rooms (
           room_id,
        room_title,
        room_type,
        description,
        price,
        status
    )
VALUES (
        2,
        'Title1',
        'Type1',
        'Description1',
        100.00,
        'AVAILABLE'
    ),
    (
     4,
        'Title2',
        'Type2',
        'Description2',
        200.00,
        'BOOKED'
    ),
    (
     5,
        'Title3',
        'Type3',
        'Description3',
        150.00,
        'AVAILABLE'
    ),
    (
     6,
        'Title4',
        'Type4',
        'Description4',
        250.00,
        'BOOKED'
    ),
    (
     7,
        'Title5',
        'Type5',
        'Description5',
        120.00,
        'AVAILABLE'
    ),
    (
     8,
        'Title6',
        'Type6',
        'Description6',
        220.00,
        'BOOKED'
    ),
    (
     9,
        'Title7',
        'Type7',
        'Description7',
        170.00,
        'AVAILABLE'
    ),
    (
     10,
        'Title8',
        'Type8',
        'Description8',
        270.00,
        'BOOKED'
    ),
    (11,
        'Title9',
        'Type9',
        'Description9',
        140.00,
        'AVAILABLE'
    ),
    (12,
        'Title10',
        'Type10',
        'Description10',
        240.00,
        'BOOKED'
    );

-- Заполнение таблицы services
INSERT INTO
    services (name, price, image_url)
VALUES (
        'Service1',
        50.00,
        'http://example.com/img1.jpg'
    ),
    (
        'Service2',
        75.00,
        'http://example.com/img2.jpg'
    ),
    (
        'Service3',
        60.00,
        'http://example.com/img3.jpg'
    ),
    (
        'Service4',
        80.00,
        'http://example.com/img4.jpg'
    ),
    (
        'Service5',
        55.00,
        'http://example.com/img5.jpg'
    ),
    (
        'Service6',
        70.00,
        'http://example.com/img6.jpg'
    ),
    (
        'Service7',
        65.00,
        'http://example.com/img7.jpg'
    ),
    (
        'Service8',
        85.00,
        'http://example.com/img8.jpg'
    ),
    (
        'Service9',
        45.00,
        'http://example.com/img9.jpg'
    ),
    (
        'Service10',
        90.00,
        'http://example.com/img10.jpg'
    );

-- Заполнение таблицы bookings
INSERT INTO
    bookings (
        user_id,
        room_id,
        check_in_date,
        check_out_date,
        service_id,
        total_sum
    )
VALUES (
        1,
        1,
        '2025-05-01',
        '2025-05-05',
        1,
        500.00
    ),
    (
        2,
        2,
        '2025-05-06',
        '2025-05-10',
        2,
        750.00
    ),
    (
        3,
        3,
        '2025-05-11',
        '2025-05-15',
        3,
        600.00
    ),
    (
        4,
        4,
        '2025-05-16',
        '2025-05-20',
        4,
        800.00
    ),
    (
        5,
        5,
        '2025-05-21',
        '2025-05-25',
        5,
        550.00
    ),
    (
        6,
        6,
        '2025-05-26',
        '2025-05-30',
        6,
        700.00
    ),
    (
        7,
        7,
        '2025-05-01',
        '2025-05-05',
        7,
        650.00
    ),
    (
        8,
        8,
        '2025-05-06',
        '2025-05-10',
        8,
        850.00
    ),
    (
        9,
        9,
        '2025-05-11',
        '2025-05-15',
        null,
        450.00
    ),
    (
        10,
        10,
        '2025-05-16',
        '2025-05-20',
        null,
        900.00
    );

-- Заполнение таблицы rentals
INSERT INTO
    rentals (
        visitor_first_name,
        visitor_last_name,
        visitor_phone,
        room_id,
        check_in_date,
        check_out_date
    )
VALUES (
        'FirstName1',
        'LastName1',
        '123-456-7890',
        1,
        '2025-05-01',
        '2025-05-05'
    ),
    (
        'FirstName2',
        'LastName2',
        '987-654-3210',
        2,
        '2025-05-06',
        '2025-05-10'
    ),
    (
        'FirstName3',
        'LastName3',
        '111-222-3333',
        3,
        '2025-05-11',
        '2025-05-15'
    ),
    (
        'FirstName4',
        'LastName4',
        '444-555-6666',
        4,
        '2025-05-16',
        '2025-05-20'
    ),
    (
        'FirstName5',
        'LastName5',
        '777-888-9999',
        5,
        '2025-05-21',
        '2025-05-25'
    ),
    (
        'FirstName6',
        'LastName6',
        '101-112-1314',
        6,
        '2025-05-26',
        '2025-05-30'
    ),
    (
        'FirstName7',
        'LastName7',
        '1516-1718-1920',
        7,
        '2025-05-01',
        '2025-05-05'
    ),
    (
        'FirstName8',
        'LastName8',
        '2122-2324-2526',
        8,
        '2025-05-06',
        '2025-05-10'
    ),
    (
        'FirstName9',
        'LastName9',
        '2728-2930-3132',
        9,
        '2025-05-11',
        '2025-05-15'
    ),
    (
        'FirstName10',
        'LastName10',
        '3334-3536-3738',
        10,
        '2025-05-16',
        '2025-05-20'
    );

-- Заполнение таблицы room_images (предполагая, что room_id связаны с существующими rooms)
INSERT INTO
    room_images (room_id, image_url)
VALUES (
        1,
        'http://example.com/room1_img1.jpg'
    ),
    (
        1,
        'http://example.com/room1_img2.jpg'
    ),
    (
        2,
        'http://example.com/room2_img1.jpg'
    ),
    (
        2,
        'http://example.com/room2_img2.jpg'
    ),
    (
        3,
        'http://example.com/room3_img1.jpg'
    ),
    (
        4,
        'http://example.com/room4_img1.jpg'
    ),
    (
        5,
        'http://example.com/room5_img1.jpg'
    ),
    (
        6,
        'http://example.com/room6_img1.jpg'
    ),
    (
        7,
        'http://example.com/room7_img1.jpg'
    ),
    (
        8,
        'http://example.com/room8_img1.jpg'
    );


ALTER TABLE support_messages ADD COLUMN status VARCHAR(255) NOT NULL DEFAULT 'Не назначен';

ALTER TABLE services ADD COLUMN description TEXT;